-- Insertar Usuarios
INSERT INTO users (email, password, first_name, last_name, phone, created_at, status)
VALUES ('juan.perez@example.com', '123456', 'Juan', 'Perez', '123456789', NOW(), true),
       ('maria.gomez@example.com', '123456', 'Maria', 'Gomez', '987654321', NOW(), true),
       ('carlos.lopez@example.com', '123456', 'Carlos', 'Lopez', '555123456', NOW(), false);

-- Insertar Ciudades
INSERT INTO cities (city_name)
VALUES ('Bogota'),
       ('Medellin'),
       ('Cartagena');

-- Insertar Apartamentos
INSERT INTO apartments (id, title, description, address, city, capacity, price_per_night, amenities, rules, status,
                        created_at, image_default)
VALUES ('apt-001', 'Hermoso Apartamento en Bogotá', 'Moderno apartamento en la zona norte', 'Cra 10 #15-30', 'Bogota',
        4, 150.00, 'WiFi, TV, Cocina', 'No mascotas, no fiestas', 'disponible', NOW(), 'public/images/apto01.jpeg'),
       ('apt-002', 'Apartamento con vista al mar en Cartagena', 'Apartamento con balcón y vista increíble',
        'Av. Playa #5', 'Cartagena', 2, 200.00, 'Piscina, WiFi, Aire Acondicionado', 'No fumar dentro', 'disponible',
        NOW(), 'https://images.unsplash.com/photo-1449158743715-0a90ebb6d2d8?fm=jpg&q=60&w=3000&ixlib=rb-4.0.3&ixid=M3wxMjA3fDB8MHxzZWFyY2h8Mnx8Y2FiYSVDMyVCMWF8ZW58MHx8MHx8fDA%3D'),
       ('apt-003', 'Acogedor apartamento en Medellín', 'Cerca al metro y al centro de la ciudad', 'Calle 30 #45-22',
        'Medellin', 3, 120.00, 'WiFi, Cocina, Estacionamiento', 'No ruidos después de las 10 PM', 'ocupado', NOW(),
        'public/images/apto03.jpeg'),
        ('apt-004', 'Buen apartamento en Medellín', 'Cerca al parque berrio', 'Cra. 51 #116',
        'Medellin', 2, 50.00, 'Baño privado, colchon', 'No fumar en publico', 'disponible', NOW(),
        'https://dynamic-media-cdn.tripadvisor.com/media/photo-o/29/07/ed/26/caption.jpg?w=700&h=-1&s=1'),
        ('apt-005', 'Pieza en Bogota', 'Centro', 'Cra. 51',
        'Bogota', 1, 3.00, 'colchon y tv', 'No fumar ni beber', 'disponible', NOW(),
        'https://media-cdn.tripadvisor.com/media/photo-s/18/f3/42/47/868-mikaili-spot.jpg'),
        ('apt-006', 'Bonita cabaña en Medellin', 'Afueras de Medellin', 'Afueras',
        'Medellin', 2, 60.00, 'Diveras comodidades, desayuno, Tv, linda vista, cama doble', 'No hacer ruido excesivo', 'Disponible', NOW(),
        'https://img.hwnstatic.com/500/350/80/false/S9z7b46NbIHwtT5s9oOjMrRdFCruUs1QTvrx4TYFzxzKqi7KVz.t20s.1t8dFogslr1oMdAV4oBHBF30AkqyMQ9m7yytw5l5eH:DN8V:sg1bIoQOAUsOR6XCEM4ncT1nH4Qa.2TVuLFkm08:E0ztUzOBJkv.UKWrzDiWmEdLX1xa5uGLutI_'),
        ('apt-007', 'Apartamento en Cartagena', 'Cerca al mar', 'Cartagena',
        'Cartagena', 4, 45.00, 'Dos camas dobles', 'No fumar ni manipular los detectores de humo', 'disponible', NOW(),
        'https://revistaaxxis.com.co/wp-content/uploads/2023/10/Apto_tierra_bomba_2-1024x683.jpg'),
        ('apt-008', 'Apartamento en Medellin', 'Cerca a viva envigado', 'Envigado',
        'Medellin', 3, 30.00, 'Wifi, musica, bar', 'No llevar personas adicionales', 'disponible', NOW(),
        'https://cdn.cwmedellin.com/upload/160270674867646-Estelar_Apartamento_en_Venta_en_Ciudad_del_Rio-Medellin__(5).jpeg'),
        ('apt-009', 'Loft Moderno en Bogota', 'Ubicado en el corazon financiero', 'Calle 72 #10-50', 'Bogota',
        2, 180.00, 'WiFi, TV, Gimnasio, Cocina', 'No mascotas, no fiestas', 'disponible', NOW(),
        'https://cf.bstatic.com/xdata/images/hotel/max1024x768/385562018.jpg?k=dfdb838bf7b28962cc13754a5590fcf5ffcd806eeb35720a12f9101b4e416db9&o=&hp=1'),
       ('apt-010', 'Penthouse en Cartagena', 'Vistas panoramicas al Caribe', 'Bocagrande', 'Cartagena',
        6, 400.00, 'Piscina, WiFi, Aire Acondicionado, Jacuzzi', 'No eventos grandes', 'disponible', NOW(),
        'https://images.unsplash.com/photo-1582719478250-c89cae4dc85b'),
       ('apt-011', 'Estudio en Medellin', 'Minimalista y comodo', 'Calle 10A #36-15', 'Medellin',
        2, 100.00, 'WiFi, Cocina, Balcon', 'No ruido excesivo', 'disponible', NOW(),
        'https://images.unsplash.com/photo-1560185007-5f0bb1866cab'),
       ('apt-012', 'Apartamento Familiar en Cartagena', 'Amplio y bien ubicado', 'Av. San Martin #25-80', 'Cartagena',
        5, 250.00, 'WiFi, Cocina, Piscina', 'No mascotas', 'disponible', NOW(),
        'https://images-ext-1.discordapp.net/external/mR4z6rbs4utb559SvyGiWcjzUu0EJNGdzJAfRzWX_NY/https/hips.hearstapps.com/hmg-prod/images/tribeca-loft-en-ny-03-1535103794.jpg?format=webp&width=1011&height=671'),
       ('apt-013', 'Cabaña de Lujo en Medellin', 'Rodeada de naturaleza', 'Via Las Palmas', 'Medellin',
        4, 220.00, 'WiFi, Chimenea, Jacuzzi', 'No fiestas', 'disponible', NOW(),
        'https://images.unsplash.com/photo-1505693416388-ac5ce068fe85'),
       ('apt-014', 'Apartamento en Bogota', 'Cerca a centros comerciales', 'Av. 19 #140-30', 'Bogota',
        3, 130.00, 'WiFi, Cocina, Parqueadero', 'No ruido despues de las 11 PM', 'disponible', NOW(),
        'https://images.unsplash.com/photo-1613490493576-7fde63acd811'),
       ('apt-015', 'Suite en Cartagena', 'Frente a la playa', 'Carrera 1 #10-50', 'Cartagena',
        2, 280.00, 'WiFi, Aire Acondicionado, Balcon', 'No visitantes adicionales', 'disponible', NOW(),
        'https://media-cdn.tripadvisor.com/media/photo-s/2c/28/1c/17/sala-junior-suite-estelar.jpg'),
       ('apt-016', 'Apartamento con Vista en Medellin', 'Moderno y bien iluminado', 'Calle 30 #45-12', 'Medellin',
        3, 150.00, 'WiFi, Cocina, Parqueadero', 'No fumar', 'disponible', NOW(),
        'https://images.unsplash.com/photo-1600585152220-90363fe7e115'),
       ('apt-017', 'Habitacion en Bogota', 'Comoda y economica', 'Carrera 50 #98-15', 'Bogota',
        1, 25.00, 'WiFi, TV, Baño compartido', 'No alcohol', 'disponible', NOW(),
        'https://cf.bstatic.com/xdata/images/hotel/max1024x768/432661187.jpg?k=c442e9b4d928dda01d5421bf82fc2f70c18a6a22d44f32b80a5aec635299cc4a&o=&hp=1'),
       ('apt-018', 'Apartamento Moderno en Cartagena', 'Lujo en la ciudad amurallada', 'Centro Historico', 'Cartagena',
        2, 320.00, 'WiFi, Jacuzzi, Cocina', 'No mascotas', 'disponible', NOW(),
        'https://images.unsplash.com/photo-1564013799919-ab600027ffc6'),
       ('apt-019', 'Estudio Economico en Medellin', 'Ideal para viajeros', 'Calle 45 #32-21', 'Medellin',
        2, 80.00, 'WiFi, TV, Cocina', 'No fiestas', 'disponible', NOW(),
        'https://cdn.cwmedellin.com/upload/cw-ibiza-15939812991156el_mejor_aparta-studio_para_la_renta_en_medellin10.jpg'),
       ('apt-020', 'Penthouse en Bogota', 'Elegancia en las alturas', 'Calle 100 #7-80', 'Bogota',
        5, 500.00, 'WiFi, Jacuzzi, Terraza', 'No eventos grandes', 'disponible', NOW(),
        'https://images.unsplash.com/photo-1554995207-c18c203602cb'),
       ('apt-021', 'Apartamento con Terraza en Cartagena', 'Espacioso y con vista', 'Bocagrande', 'Cartagena',
        3, 230.00, 'WiFi, Cocina, Aire Acondicionado', 'No fumar', 'disponible', NOW(),
        'https://es.discovercartagena.com.co/wp-content/uploads/2024/02/Town-Huose-fotografia-Tomada-de-The-Rooftop-Guide-.png'),
       ('apt-022', 'Loft en Medellin', 'Acogedor y bien ubicado', 'Carrera 35 #8A-15', 'Medellin',
        2, 120.00, 'WiFi, Cocina, Parqueadero', 'No mascotas', 'disponible', NOW(),
        'https://cf.bstatic.com/xdata/images/hotel/max1024x768/515070844.jpg?k=ad4050588f7a0fa9f8bdebf88e8bcbb3af9254d6056d695869299d32c9a67a8b&o=&hp=1'),
       ('apt-023', 'Casa en el Centro de Bogota', 'Ideal para familias', 'Calle 13 #5-30', 'Bogota',
        6, 280.00, 'WiFi, Cocina, Patio', 'No fiestas', 'disponible', NOW(),
        'https://img.properati.com/eyJidWNrZXQiOiJwcmQtbGlmdWxsY29ubmVjdC1iYWNrZW5kLWIyYi1pbWFnZXMiLCJrZXkiOiJwcm9wZXJ0aWVzLzAxOTJlYjNjLWFkMTAtN2FhZC05MTUyLTFlOTEyM2IzMmE2NC8wMTkyZWIzYy1iODg0LTcwNDMtOWEwMy00NTBiZjQyNGI3OWIuanBnIiwiYnJhbmQiOiJwcm9wZXJhdGkiLCJlZGl0cyI6eyJyb3RhdGUiOm51bGwsInJlc2l6ZSI6eyJ3aWR0aCI6MzIwLCJoZWlnaHQiOjI0MCwiZml0IjoiY292ZXIifX19');

-- Insertar Imágenes de Apartamentos
INSERT INTO apartment_images (apartment_id, url, "order")
VALUES
    -- Imágenes para apt-001
    ('apt-001', 'https://cf.bstatic.com/xdata/images/hotel/max1024x768/385562018.jpg?k=dfdb838bf7b28962cc13754a5590fcf5ffcd806eeb35720a12f9101b4e416db9&o=&hp=1', 1),
    ('apt-001', 'https://cf.bstatic.com/xdata/images/hotel/max1024x768/432661187.jpg?k=c442e9b4d928dda01d5421bf82fc2f70c18a6a22d44f32b80a5aec635299cc4a&o=&hp=1', 2),
    ('apt-001', 'https://cf.bstatic.com/xdata/images/hotel/max1024x768/515070844.jpg?k=ad4050588f7a0fa9f8bdebf88e8bcbb3af9254d6056d695869299d32c9a67a8b&o=&hp=1', 3),
    ('apt-001', 'https://cf.bstatic.com/xdata/images/hotel/max1024x768/385562018.jpg?k=dfdb838bf7b28962cc13754a5590fcf5ffcd806eeb35720a12f9101b4e416db9&o=&hp=1', 4),
    ('apt-002', 'https://images.unsplash.com/photo-1582719478250-c89cae4dc85b', 1),
    ('apt-002', 'https://images.unsplash.com/photo-1579621970795-87facc2f976d', 2),
    ('apt-002', 'https://images.unsplash.com/photo-1564013799919-ab600027ffc6', 3),
    ('apt-002', 'https://images.unsplash.com/photo-1600585152220-90363fe7e115', 4),
    ('apt-003', 'https://images.unsplash.com/photo-1560185007-5f0bb1866cab', 1),
    ('apt-003', 'https://images.unsplash.com/photo-1505693416388-ac5ce068fe85', 2),
    ('apt-003', 'https://images.unsplash.com/photo-1613490493576-7fde63acd811', 3),
    ('apt-003', 'https://images.unsplash.com/photo-1600585152220-90363fe7e115', 4),
    ('apt-004', 'https://dynamic-media-cdn.tripadvisor.com/media/photo-o/29/07/ed/26/caption.jpg?w=700&h=-1&s=1', 1),
    ('apt-004', 'https://media-cdn.tripadvisor.com/media/photo-s/18/f3/42/47/868-mikaili-spot.jpg', 2),
    ('apt-004', 'https://revistaaxxis.com.co/wp-content/uploads/2023/10/Apto_tierra_bomba_2-1024x683.jpg', 3),
    ('apt-004', 'https://cdn.cwmedellin.com/upload/160270674867646-Estelar_Apartamento_en_Venta_en_Ciudad_del_Rio-Medellin__(5).jpeg', 4),
    ('apt-005', 'https://media-cdn.tripadvisor.com/media/photo-s/18/f3/42/47/868-mikaili-spot.jpg', 1),
    ('apt-005', 'https://revistaaxxis.com.co/wp-content/uploads/2023/10/Apto_tierra_bomba_2-1024x683.jpg', 2),
    ('apt-005', 'https://cdn.cwmedellin.com/upload/160270674867646-Estelar_Apartamento_en_Venta_en_Ciudad_del_Rio-Medellin__(5).jpeg', 3),
    ('apt-005', 'https://images.unsplash.com/photo-1588854337236-091737b908ec', 4),
    ('apt-006', 'https://img.hwnstatic.com/500/350/80/false/S9z7b46NbIHwtT5s9oOjMrRdFCruUs1QTvrx4TYFzxzKqi7KVz.t20s.1t8dFogslr1oMdAV4oBHBF30AkqyMQ9m7yytw5l5eH:DN8V:sg1bIoQOAUsOR6XCEM4ncT1nH4Qa.2TVuLFkm08:E0ztUzOBJkv.UKWrzDiWmEdLX1xa5uGLutI_', 1),
    ('apt-006', 'https://images.unsplash.com/photo-1505693416388-ac5ce068fe85', 2),
    ('apt-006', 'https://images.unsplash.com/photo-1613490493576-7fde63acd811', 3),
    ('apt-006', 'https://images.unsplash.com/photo-1600585152220-90363fe7e115', 4),
    ('apt-007', 'https://revistaaxxis.com.co/wp-content/uploads/2023/10/Apto_tierra_bomba_2-1024x683.jpg', 1),
    ('apt-007', 'https://cdn.cwmedellin.com/upload/160270674867646-Estelar_Apartamento_en_Venta_en_Ciudad_del_Rio-Medellin__(5).jpeg', 2),
    ('apt-007', 'https://images.unsplash.com/photo-1588854337236-091737b908ec', 3),
    ('apt-007', 'https://images.unsplash.com/photo-1564013799919-ab600027ffc6', 4),
    ('apt-008', 'https://cdn.cwmedellin.com/upload/160270674867646-Estelar_Apartamento_en_Venta_en_Ciudad_del_Rio-Medellin__(5).jpeg', 1),
    ('apt-008', 'https://images.unsplash.com/photo-1588854337236-091737b908ec', 2),
    ('apt-008', 'https://images.unsplash.com/photo-1564013799919-ab600027ffc6', 3),
    ('apt-009', 'https://cf.bstatic.com/xdata/images/hotel/max1024x768/432661187.jpg?k=c442e9b4d928dda01d5421bf82fc2f70c18a6a22d44f32b80a5aec635299cc4a&o=&hp=1', 1),
    ('apt-009', 'https://images.unsplash.com/photo-1600585152220-90363fe7e115', 2),
    ('apt-009', 'https://images.unsplash.com/photo-1564013799919-ab600027ffc6', 3),
    ('apt-009', 'https://cf.bstatic.com/xdata/images/hotel/max1024x768/515070844.jpg?k=ad4050588f7a0fa9f8bdebf88e8bcbb3af9254d6056d695869299d32c9a67a8b&o=&hp=1', 4),
    ('apt-010', 'https://images.unsplash.com/photo-1582719478250-c89cae4dc85b', 1),
    ('apt-010', 'https://images.unsplash.com/photo-1579621970795-87facc2f976d', 2),
    ('apt-010', 'https://cf.bstatic.com/xdata/images/hotel/max1024x768/385562018.jpg?k=dfdb838bf7b28962cc13754a5590fcf5ffcd806eeb35720a12f9101b4e416db9&o=&hp=1', 3),
    ('apt-010', 'https://images.unsplash.com/photo-1613490493576-7fde63acd811', 4),
    ('apt-011', 'https://revistaaxxis.com.co/wp-content/uploads/2023/10/Apto_tierra_bomba_2-1024x683.jpg', 1),
    ('apt-011', 'https://cdn.cwmedellin.com/upload/160270674867646-Estelar_Apartamento_en_Venta_en_Ciudad_del_Rio-Medellin__(5).jpeg', 2),
    ('apt-011', 'https://media-cdn.tripadvisor.com/media/photo-s/18/f3/42/47/868-mikaili-spot.jpg', 3),
    ('apt-011', 'https://cf.bstatic.com/xdata/images/hotel/max1024x768/515070844.jpg?k=ad4050588f7a0fa9f8bdebf88e8bcbb3af9254d6056d695869299d32c9a67a8b&o=&hp=1', 4),
    ('apt-012', 'https://cf.bstatic.com/xdata/images/hotel/max1024x768/432661187.jpg?k=c442e9b4d928dda01d5421bf82fc2f70c18a6a22d44f32b80a5aec635299cc4a&o=&hp=1', 1),
    ('apt-012', 'https://cf.bstatic.com/xdata/images/hotel/max1024x768/385562018.jpg?k=dfdb838bf7b28962cc13754a5590fcf5ffcd806eeb35720a12f9101b4e416db9&o=&hp=1', 2),
    ('apt-012', 'https://images.unsplash.com/photo-1505693416388-ac5ce068fe85', 3),
    ('apt-012', 'https://images.unsplash.com/photo-1588854337236-091737b908ec', 4),
    ('apt-013', 'https://media-cdn.tripadvisor.com/media/photo-s/18/f3/42/47/868-mikaili-spot.jpg', 1),
    ('apt-013', 'https://images.unsplash.com/photo-1588854337236-091737b908ec', 2),
    ('apt-013', 'https://images.unsplash.com/photo-1600585152220-90363fe7e115', 3),
    ('apt-013', 'https://revistaaxxis.com.co/wp-content/uploads/2023/10/Apto_tierra_bomba_2-1024x683.jpg', 4),
    ('apt-014', 'https://images.unsplash.com/photo-1582719478250-c89cae4dc85b', 1),
    ('apt-014', 'https://cf.bstatic.com/xdata/images/hotel/max1024x768/515070844.jpg?k=ad4050588f7a0fa9f8bdebf88e8bcbb3af9254d6056d695869299d32c9a67a8b&o=&hp=1', 2),
    ('apt-014', 'https://cf.bstatic.com/xdata/images/hotel/max1024x768/432661187.jpg?k=c442e9b4d928dda01d5421bf82fc2f70c18a6a22d44f32b80a5aec635299cc4a&o=&hp=1', 3),
    ('apt-014', 'https://images.unsplash.com/photo-1613490493576-7fde63acd811', 4),
    ('apt-015', 'https://cdn.cwmedellin.com/upload/160270674867646-Estelar_Apartamento_en_Ciudad_del_Rio-Medellin__(5).jpeg', 1),
    ('apt-015', 'https://cf.bstatic.com/xdata/images/hotel/max1024x768/432661187.jpg?k=c442e9b4d928dda01d5421bf82fc2f70c18a6a22d44f32b80a5aec635299cc4a&o=&hp=1', 2),
    ('apt-015', 'https://cf.bstatic.com/xdata/images/hotel/max1024x768/385562018.jpg?k=dfdb838bf7b28962cc13754a5590fcf5ffcd806eeb35720a12f9101b4e416db9&o=&hp=1', 3),
    ('apt-015', 'https://images.unsplash.com/photo-1564013799919-ab600027ffc6', 4),
    ('apt-016', 'https://images.unsplash.com/photo-1564013799919-ab600027ffc6', 1),
    ('apt-016', 'https://images.unsplash.com/photo-1588854337236-091737b908ec', 2),
    ('apt-016', 'https://cf.bstatic.com/xdata/images/hotel/max1024x768/432661187.jpg?k=c442e9b4d928dda01d5421bf82fc2f70c18a6a22d44f32b80a5aec635299cc4a&o=&hp=1', 3),
    ('apt-016', 'https://revistaaxxis.com.co/wp-content/uploads/2023/10/Apto_tierra_bomba_2-1024x683.jpg', 4),
    ('apt-017', 'https://images.unsplash.com/photo-1582719478250-c89cae4dc85b', 1),
    ('apt-017', 'https://cdn.cwmedellin.com/upload/160270674867646-Estelar_Apartamento_en_Ciudad_del_Rio-Medellin__(5).jpeg', 2),
    ('apt-017', 'https://images.unsplash.com/photo-1613490493576-7fde63acd811', 3),
    ('apt-017', 'https://cf.bstatic.com/xdata/images/hotel/max1024x768/385562018.jpg?k=dfdb838bf7b28962cc13754a5590fcf5ffcd806eeb35720a12f9101b4e416db9&o=&hp=1', 4),
    ('apt-018', 'https://media-cdn.tripadvisor.com/media/photo-s/18/f3/42/47/868-mikaili-spot.jpg', 1),
    ('apt-018', 'https://images.unsplash.com/photo-1505693416388-ac5ce068fe85', 2),
    ('apt-018', 'https://images.unsplash.com/photo-1579621970795-87facc2f976d', 3),
    ('apt-018', 'https://cf.bstatic.com/xdata/images/hotel/max1024x768/515070844.jpg?k=ad4050588f7a0fa9f8bdebf88e8bcbb3af9254d6056d695869299d32c9a67a8b&o=&hp=1', 4),
    ('apt-019', 'https://cf.bstatic.com/xdata/images/hotel/max1024x768/432661187.jpg?k=c442e9b4d928dda01d5421bf82fc2f70c18a6a22d44f32b80a5aec635299cc4a&o=&hp=1', 1),
    ('apt-019', 'https://images.unsplash.com/photo-1588854337236-091737b908ec', 2),
    ('apt-019', 'https://cf.bstatic.com/xdata/images/hotel/max1024x768/385562018.jpg?k=dfdb838bf7b28962cc13754a5590fcf5ffcd806eeb35720a12f9101b4e416db9&o=&hp=1', 3),
    ('apt-019', 'https://images.unsplash.com/photo-1600585152220-90363fe7e115', 4),
    ('apt-020', 'https://cdn.cwmedellin.com/upload/160270674867646-Estelar_Apartamento_en_Ciudad_del_Rio-Medellin__(5).jpeg', 1),
    ('apt-020', 'https://revistaaxxis.com.co/wp-content/uploads/2023/10/Apto_tierra_bomba_2-1024x683.jpg', 2),
    ('apt-020', 'https://images.unsplash.com/photo-1613490493576-7fde63acd811', 3),
    ('apt-020', 'https://cf.bstatic.com/xdata/images/hotel/max1024x768/515070844.jpg?k=ad4050588f7a0fa9f8bdebf88e8bcbb3af9254d6056d695869299d32c9a67a8b&o=&hp=1', 4),
    ('apt-021', 'https://images.unsplash.com/photo-1579621970795-87facc2f976d', 1),
    ('apt-021', 'https://images.unsplash.com/photo-1588854337236-091737b908ec', 2),
    ('apt-021', 'https://cf.bstatic.com/xdata/images/hotel/max1024x768/385562018.jpg?k=dfdb838bf7b28962cc13754a5590fcf5ffcd806eeb35720a12f9101b4e416db9&o=&hp=1', 3),
    ('apt-021', 'https://cf.bstatic.com/xdata/images/hotel/max1024x768/432661187.jpg?k=c442e9b4d928dda01d5421bf82fc2f70c18a6a22d44f32b80a5aec635299cc4a&o=&hp=1', 4),
    ('apt-022', 'https://media-cdn.tripadvisor.com/media/photo-s/18/f3/42/47/868-mikaili-spot.jpg', 1),
    ('apt-022', 'https://images.unsplash.com/photo-1600585152220-90363fe7e115', 2),
    ('apt-022', 'https://cf.bstatic.com/xdata/images/hotel/max1024x768/385562018.jpg?k=dfdb838bf7b28962cc13754a5590fcf5ffcd806eeb35720a12f9101b4e416db9&o=&hp=1', 3),
    ('apt-022', 'https://revistaaxxis.com.co/wp-content/uploads/2023/10/Apto_tierra_bomba_2-1024x683.jpg', 4),
    ('apt-023', 'https://cf.bstatic.com/xdata/images/hotel/max1024x768/515070844.jpg?k=ad4050588f7a0fa9f8bdebf88e8bcbb3af9254d6056d695869299d32c9a67a8b&o=&hp=1', 1),
    ('apt-023', 'https://images.unsplash.com/photo-1613490493576-7fde63acd811', 2),
    ('apt-023', 'https://cf.bstatic.com/xdata/images/hotel/max1024x768/432661187.jpg?k=c442e9b4d928dda01d5421bf82fc2f70c18a6a22d44f32b80a5aec635299cc4a&o=&hp=1', 3),
    ('apt-023', 'https://images.unsplash.com/photo-1588854337236-091737b908ec', 4);



-- Insertar Reservas
INSERT INTO bookings (id, user_id, apartment_id, start_date, end_date, total_price, status, created_at)
VALUES ('bkg-001', 'juan.perez@example.com', 'apt-001', NOW() + INTERVAL '1 day', NOW() + INTERVAL '5 days', 600.00,
        'confirmada', NOW()),
       ('bkg-002', 'maria.gomez@example.com', 'apt-002', NOW() + INTERVAL '3 days', NOW() + INTERVAL '7 days', 800.00,
        'pendiente', NOW()),
       ('bkg-003', 'carlos.lopez@example.com', 'apt-003', NOW() + INTERVAL '2 days', NOW() + INTERVAL '6 days', 480.00,
        'cancelada', NOW());

-- Insertar Pagos
INSERT INTO payments (id, booking_id, user_id, amount, payment_method, status)
VALUES ('pay-001', 'bkg-001', 'juan.perez@example.com', 600.00, 'Tarjeta de Crédito', 'completado'),
       ('pay-002', 'bkg-002', 'maria.gomez@example.com', 800.00, 'PayPal', 'pendiente'),
       ('pay-003', 'bkg-003', 'carlos.lopez@example.com', 480.00, 'Transferencia Bancaria', 'reembolsado');